user_id,first_name,last_name,username
5678533577,UC CARDER,,eyeflue
5812690644,Acanut,Seler.YOGY,Acanutseler1232
5449146232,ded,sec,dedsec1_1
5762866544,DARK,MiKEY,Dark_mikey7
5575322820,Anonymous♡,,Haxkerrrrr
6216742468,shivani,Haxk,Shivani_xy
6362109020,𝑻𝑹𝑼𝑺𝑻 𝑼𝑺 𝑾𝑬 𝑻𝑹𝑼𝑺𝑻 𝑼,,VerifiedHell
5461773925,Dev...,✨,Dev_7139
6694404399,Rudra Ha4ker,,Ha4ker_Rudra
586386878,Deep13,,deep13c
5483926380,Rifat,Hasan,ridmi_hasan_rifat
6110678680,Ashraf,Khilji,kingwithsexchat
872466350,CC,Editors,CC_Editors
1244887887,🧞‍♀️Psycho chinnu🧚‍♀️,,NjnPsychoo
5816507441,SHAXRIYOROV🖤,,shaxriyorov_1
5855546885,Ye,an,Shaun7675
6069992279,🎭 127.0.0.1🎭,,CrAZy_127_0_0_1
1669449525,Pubg,G,codepreceptor1
6002252702,Marc,Antony,MarkAntonySes
5747655413,Mr.,Anonymous😈,Darkweb_boy
6518523009,彡[ᴍʀ ɪɴᴅɪᴀɴ ꜱᴇʟʟᴇʀ ᵗʳᵘˢᵗᵉᵈ ]彡,,MR_INDIAN_SELLER
5136820343,kylie porche,,kylieporche
710543063,Rajdip,Sarkar,Rajdip112
5064038831,❀𝗢𝗠𝗔𝗥𝗥𝗔𝗔𝗠 𝗥𝗢𝗕𝗢𝗧✿➽🇸🇴,,OMARRAAMROBOT
6544249725,࿐QUEEN MISTI࿐,,QUEEN_MISTI_7
5499613787,●─ 𝗥𝗶𝘇𝘄𝗮𝗻 ◡̈⃝ ㅤ ◡̈⃝ㅤㅤ,,Rizwankhan7
6010748701,ph00ne,hacker,phonehackerrrrrr
5522650549,YUVRAJ,SINGH,rdxuvthakur
5948033193,hacking,Person,Hackerbaba002
6212909037,Love,,nonamelve
6625374775,SA Al Amin,Sheikh,alaminvai25
5088788742,ethicalhacking trainer,.,Daddy274
1961707829,#『ː 𝔪𝔞𝔡𓁿𝔰𝔞𝔩 』,,m666_999s
6180495536,Knightzx scædinävia,,Knightzx_script
5909013475,Arrow™ (OFFLINE),,DARK_LOVER_7
1843297172,Fancy,,Notme_900
5175208287,Owais.rs,,faizal8999rs
1300376612,Dark,Cyber,dark_cyber_999
5742159124,Spy'๋ࣩࣩࣩࣩࣩࣩࣩࣩࣩࣩࣩࣩࣩࣩࣩࣩࣩࣩࣩࣩࣩࣩࣩࣩࣩࣩࣩࣩࣩࣩࣩࣩࣩࣧࣧࣧࣧࣧࣧࣧࣧࣧࣧࣧ͜͡➣,hacker,spyhacker05
5255316923,Ajnavi,,Dark_netkingpin
1712657950,Ayushman,Verma,Ayu11_12
5346460415,vishwa,,HellfireSell
6164450037,OBITOBI,,Real_XLOL
6365693061,INSTA K HACKER verifed,,anilsinghji
347863536,Nk,,DEVILSS_FATHER
1661573961,Ajay,Bhagat,AjayBhagat21
1895715135,JHON,WICK,JHON_WICKX
5957635482,ABDOULLEERHI,AVU APHERN,avuaphern
5885938159,Ferrari,Achx6,Ferrari245
6052441084,__anonymous__,_killar_,anonymouskillar
5070134146,n6hys,,n6hiy
5006194966,boss,,Xyz21072
1841705823,SF,KR,SFKR27
6130334627,Khatarnak__,hacker??.....,kamina_hacker
6425116138,Wðlvêrïñê,,iWolverin
5542864331,Md Farhad,Khan,Farhad_Vai
5907431628,〝 𝜞𝒚𝜡𝒆֟፝𝜨🌙,,ryzz3n
1801388959,DOLLAR,,DOLLAROFPAIN
5035302052,Λ ı г 「Ꮋꫀꪎᤩ」×͜×,,A_I_R_E_X
5542290995,Examपुर 📚,CLASSES 📝OFFICIAL 📕,Its_bubu_dudu
5668577438,༄𝙇𝙚𝙤¹⁷☾࿐,,KING_LEO17
5820128388,Z Security,,userzsec
1212340952,Mohammed,Shuaib,Shuaib_35
1252309610,Ricardo scott,,Riviet
6273125657,FOYDALI,,Urganch2004
2083230084,lalit,sharma,lalit1078
6274610089,⏤͟͟͞❥͜͡𝄟⃟🥀🦋⁣⃝🇫 𝐓 メ🇫𝗬𝗧𝗘𝗥𓆪‌⛦⃕� ⃝‌ٖٖٖٖ ‌ٖٖٖٖ,,FYTER_KING_XDD
5404768044,http_smuggler,,http_smuggler
1659308007,⧉⃞🅤ɳ𝐢զ𝐮ɛ 𝆺꯭𝅥༎𓆪𝆺꯭꯭꯭꯭𝅥𝆬 🫧 ✨,❤⃝🅚𝐢ɳɢ[❤️]─⃛͢•🦋,Alex85436
5381023024,Follow me profits $3800,Last 10 day,CARDER404
5268570848,Shourya,Sahu,Sharp12s
5097927231,BERLIN,,berlin7156
1812067764,Prashant,Dhiman,itsOfficialDhiman
1933120151,Jack,Ansari,MercyJack786
6033466480,⏤͟͟͞͞ 𝘾𝙔𝘽𝙀𝙍𝙋𝙐𝙉𝙆👁️⃤,,Cybertron_c
6131880503,⃣乙⃣ㄖ⃣尺⃣ㄖ,⃣⁹⃣⁹⃣⁹⃣+,zoro9t9
6120445281,neom,,neomly
5622605178,Паспорта сканы🟢,Перехват смс кодов 💳 Android,ADD_BTC_PAY
1835567349,The,Mayor,DjKhazey
1673806858,『 🇮🇳 』 ⋆》 BAJRANG ❥ HACKING ❥ 《,,Bajranghacking
5782223175,Clitton,Hack,Clitton_hack
5502478805,S,M,new780
5518583097,D.P,,DIlkhushd_7726
5539807358,guardian,king,guardian_king
6019307960,STM TOP,,zconsb
5695697284,ERTHICAL HACKING,,All_hacking_available
5209065651,maryam,,mary_8878
5369740803,THE DEVIL,,who_is_devil0
1422127743,Kings,Patel,Kingspatel026
1793876296,Sumit,Aswal,sumit82726
5676764074,XD Atik,Vau,XDAtikVau
5379905906,Sharan,,Kunni21
6371892208,Cyber,Support,Cybertech876
1133405803,Mr.,REDHAT,DANGERxPLAYER
5030088010,Labamu Otu Ikpu Oku,,Labamuotuikpuoku
771548169,ALEX,BWK,alexlords69
6341832465,_•Tékåshí•jnr_,,jnrt02
6438416020,Kailash,Modak,Asguyni
5784074067,ᯓ𓆩𝐘𝐀𝐒𝐒𝐄𝐑𓆪|🇾🇪,,S_857
1191423149,Sharan,S,Sharan62
6106254829,𝙰𝚢𝚞.𝚜!!,,sanatani_manavvvv
1679802483,𝙸𝚝𝚊𝚌𝚑𝚒,𝚄𝚌𝚑𝚒𝚑𝚊 ✇,luffyy_exe
1091428335,Manjiro,sano,mikey_55
1964572176,𝗧𝗿𝘂𝘀𝘁𝗲𝗱™,,RealSpoide
6084028698,༄ᶦᵗᶻ᭄✿кαωѕαя࿐,,Kawsar1109
6201613462,Anni,,Anni0111_66
6469773755,Apollo,,Jubayer769
6112982769,Mansha,Iqbal,Mansha_iqbal
5558354357,↑𝐒⃪͢ᴀ፝֟፝ϻ_↓𓆪〭,.,Sam_group_zindabaad_zindabaad
5817386548,The,Cross,Cross_2015
5250115551,anant,,ign_anant1
1667741867,Deleted account,,anonymous_3456
5317709346,AceGaming,,AceGaming3444
5456308871,SUPERFLEX,PAAPI,superflex_paaapi
5370254267,Ghost,,nomoretrust_111
5383086435,𝔻𝕖𝕧𝕖𝕝𝕠𝕡𝕖𝕣ℝ𝔸𝕋,,DeveLoper_RAT
5483839431,Abhinav,Mishra,abhiinnaaav
1651813709,NIGHT FALL,,WHOLE_NIGHT12
6047245212,ㅤㅤㅤㅤㅤㅤ▼・ᴥ・▼,⁪⁬⁮⁮⁮⁮ ‌,assistant_hai_bsdk
5679651578,kaylax,Misss,MKaylax
6126889320,Vishwas,Chaudhary,JAATBOY7778
5672186865,ŘȺḰÎḆ,,Rakib2346
6346408523,☰𓆰 𝚴𝚵𝚳𝚵ꓢ𝜤ꓢ Ꭾᴿɪᴍ̶̷̲̅є🔥 𓆪ꪾ | 𝐎𝐧𝐞 𝐏𝐢𝐞𝐜𝐞 | </°🇮🇳>,,II_YOUR_PRIME_II
6086502022,Harami,baman,bu_kid
6045483947,Happy deals,,Legendbuyers
1878784499,【𓆩DEDLINE𓆪】,,DEDLINEP
6132824861,⏤͟͟͞͞• 𓆩𓆩(ADITYA◡̈⃝ SINGH)𓆪𓆪⏤͟͞➤⃟🔥,,anyonmou_s
5997147224,⏤͟͟͞͞• 𓆩𓆩(KARAN◡̈⃝ SINGH)𓆪𓆪⏤͟͞➤⃟🔥𑲭𑲭𑲭𑲭𑲭𑲭𑲭𑲭𑲭𑲭𑲭𑲭𑲭𑲭𑲭𑲭𑲭𑲭𑲭𑲭𑲭𑲭𑲭𑲭𑲭𑲭𑲭𑲭𑲭𑲭𑲭,,H4C888
5331878964,seranitor-,,creator_soranitor
6241001078,⏤͟͟͞❥͜͡𝄟⃟🥀🦋⁣⃝🇫 𝐓 メ🇫𝗬𝗧𝗘𝗥𓆪‌⛦⃕� ⃝‌ٖٖٖٖ ‌ٖٖٖٖ,,Fyter_4
5871079461,Black shop BD_,official,Black_shop_007
6650799059,Cyber,Duck,Gynix6
1785154623,VIP,Hacker,VIPhacker92
6510345247,RED,,REDx0_0
5959126885,Raj,Shubham880Rajput,im_from_usa_raj_Shubham
1486937714,Dark,world,kingofcryptocurency
894234425,Vikash,Raghuwanshi,Vikash3604
5544616208,Armaan,Chowdhury,Armaan_0457
6178691696,ABHIRAM,[ ɪɴ ᴛᴏᴛᴀʟ ʟᴏss ᴏғ 1 ʟᴀᴋʜ ],Abhiram0782
5788753637,Tao,,Taowhiz
1649318804,PIYUSHX,,Uizard9821
6661758496,FF Panel Seller,,Panel_seller
5805584902,Siam,Ahmed,Siam_Ahmed10
5126490833,Kishan bhoi,,KMbhoi5869
5889809389,SSN,DL LOOKUP,DoumentsSsnID
2034989895,Not.,Your! BF,Notyour1BF
5901986773,مضطــــــــرب,,Dil_e_muztar1
5448413650,Cbi,Ak Branch Allahabad,akashkashyap528
5665917898,BANDZ,,citybandz0
6403567370,⸙ꠋꠋꠋꠋꠋꠋꠋꠋꠋꠋꠋꠋꠋꠋꠋꠋꠋꠋꠋꠋꠋꠋDark Universe⏤͟͞:-\\,,DARK_UNIVERSES950
1385242629,ChINnAvEeN,,Chinnaveen
5350771288,Hamaad ayub,khan,HaK20032
1352617337,Deleted account,,darkaadi69
6243252358,Aman,,Piyush12sharma
5443213320,RAVAN,.,igRAVANop
1841842282,jai shree,ram,Killchorpubg
945723309,Kiran,Suthar,kiranchauhan7
5242114055,WJヅMODS,,WJMODS09
1973133886,DMAX,FF,DMAX_777
1313885688,𝚆𝙰𝙻𝙻𝙿𝙰𝙿𝙴𝚁𝚂,𝙷𝚄𝙱 💖,wallpapers_Hub_in
1890519266,Yash,✨️,Itsysh2
743048891,Hacks,Bb,HacksB
5985044373,Đəvîl,Ɓøƴ 😈,D3VIL_BOY
980893566,MสบT ٭PANKAJ,,PANKAJR15
5087402930,chandan,,Chandan007
1860460007,—͟͞͞𝙍𝙀𝙃𝘼𝙉 ♡ —͟͞͞ 𝙎𝘼𝙔𝙔𝙀𝘿,⌁™×͜×,Rehansayyedx37
6176408427,Hacker,Real,Ha_cker_23
5525066523,Naruto,Uzumaki,naruto3060
2111017782,DARKIE'๋ࣩࣩࣩࣩࣩࣩࣩࣩࣩࣩࣩࣩࣩࣩࣩࣩࣩࣩࣩࣩࣩࣩࣩࣩࣩࣩࣩࣩࣩࣩࣩࣩࣩࣧࣧࣧࣧࣧࣧࣧࣧࣧࣧࣧ͜͡➣,,httpxshivam
5938571396,Juan,Elexandro,dontdmhacker
6160397800,Dr,Swetz,Drphysco
5535970239,𓆩𓆩⏤͟͟͞͞ 𝘿𝘼𝙍𝙆_𝙃𝘼𝘾𝙆𝙀𝙍 ◡̈⃝ㅤ◡̈⃝ _'๋ࣩࣩࣩࣩࣩࣩࣩࣩࣩࣩࣩࣩࣩࣩࣩࣩࣩࣩࣩࣩࣧࣧࣧࣧࣧࣧࣧࣧࣧࣧࣧ͜͡,,PRO_CJ7
6228016681,Rj,Robin,robintalukder0011
5171231586,>>let boy<<,,Sonett2va
