I am reaching out to bring your attention to a distressing incident involving a channel that is allegedly involved in fraudulent activities using the name of Iphone Carding. This individual has successfully scammed me out of 12688 INR. They lure innocent individuals with promises of selling iPhones at remarkably low prices, and I unfortunately fell victim to their deceit. I implore you to take this matter seriously and investigate the activities of this channel to prevent further innocent people from suffering similar losses.
I feel obligated to report a disconcerting situation involving a channel operating a scam under the guise of Iphone Carding. This individual scammed me out of 7000 INR. They cunningly offer iPhones for sale at incredibly cheap rates, and I was misled by their apparent authenticity. I sincerely request your immediate intervention to address this issue and protect others from falling prey to this fraudulent scheme. Thank you for your prompt attention to this matter.
I write to inform you about a channel that is engaging in deceptive practices under the name of Iphone Carding. Unfortunately, I became a victim of their scam and lost 7827 INR. They claim to be selling iPhones at discounted prices, and their seemingly genuine approach convinced me to make a purchase. Kindly investigate this matter and take appropriate measures to curb their illicit activities.
I am in great distress as I have fallen victim to a channel running a scam in the name of Iphone Carding. They manipulated me into parting with 3000 INR under the pretense of selling cheap iPhones. I seek your guidance and support in resolving this matter and bringing the perpetrators to justice. Thank you for your understanding.
I hope this message finds you well. I am writing to bring to your attention an alarming situation involving a channel that appears to be engaged in fraudulent activities using the identity of Iphone Carding. I regret to inform you that I have been scammed out of 4007 INR by this individual. They promote the sale of iPhones at unbelievably low prices, and I fell victim to their false claims. I earnestly request your assistance in investigating this matter further and taking appropriate actions against the perpetrator to prevent further innocent individuals from being duped.
I am writing to report an urgent matter involving a channel allegedly operating a scam under the name of Iphone Carding. I am a victim of this fraudulent scheme, having lost 62862 INR. The person behind this deceitful operation claims to sell iPhones at discounted rates, and I was deceived into believing their legitimacy. I humbly request your immediate intervention to put an end to this scam and apprehend the responsible individual.